{"cameraMode":{"drawMode":0,"name":"Shaded","section":"Shading Mode"},"sceneLighting":true,"audioPlay":false,"sceneViewState":{"m_AlwaysRefresh":false,"showFog":true,"showSkybox":true,"showFlares":true,"showImageEffects":true,"showParticleSystems":true,"showVisualEffectGraphs":true,"m_FxEnabled":true},"in2DMode":false,"pivot":{"x":0.09000015258789063,"y":4.710000038146973,"z":4.800000190734863},"rotation":{"x":-0.028484739363193513,"y":0.24720881879329682,"z":-0.0072700027376413349,"w":-0.9685212969779968},"size":12.12435531616211,"orthographic":false}