{"cameraMode":{"drawMode":0,"name":"Shaded","section":"Shading Mode"},"sceneLighting":true,"audioPlay":false,"sceneViewState":{"m_AlwaysRefresh":false,"showFog":true,"showSkybox":true,"showFlares":true,"showImageEffects":true,"showParticleSystems":true,"showVisualEffectGraphs":true,"m_FxEnabled":true},"in2DMode":false,"pivot":{"x":1.5724486112594605,"y":1.7762317657470704,"z":10.840210914611817},"rotation":{"x":-0.3601175844669342,"y":0.006443751975893974,"z":-0.0024879993870854379,"w":-0.9328842759132385},"size":22.633752822875978,"orthographic":false}