{"cameraMode":{"drawMode":0,"name":"Shaded","section":"Shading Mode"},"sceneLighting":false,"audioPlay":false,"sceneViewState":{"m_AlwaysRefresh":false,"showFog":true,"showSkybox":false,"showFlares":true,"showImageEffects":true,"showParticleSystems":true,"showVisualEffectGraphs":true,"m_FxEnabled":true},"in2DMode":false,"pivot":{"x":-4.579776763916016,"y":1.0406793355941773,"z":4.323099613189697},"rotation":{"x":0.003128684125840664,"y":-0.9937904477119446,"z":-0.028925616294145585,"w":-0.10745107382535935},"size":0.8503603339195252,"orthographic":false}