{"cameraMode":{"drawMode":0,"name":"Shaded","section":"Shading Mode"},"sceneLighting":false,"audioPlay":false,"sceneViewState":{"m_AlwaysRefresh":false,"showFog":true,"showSkybox":false,"showFlares":true,"showImageEffects":true,"showParticleSystems":true,"showVisualEffectGraphs":true,"m_FxEnabled":true},"in2DMode":false,"pivot":{"x":-2.720022201538086,"y":0.10000002384185791,"z":7.976142883300781},"rotation":{"x":0.18726208806037904,"y":0.6722932457923889,"z":-0.18172688782215119,"w":0.6927701234817505},"size":1.8216264247894288,"orthographic":false}